Series Name,Series Code,Country Name,Country Code,1990 [YR1990],2000 [YR2000],2015 [YR2015],2016 [YR2016],2017 [YR2017],2018 [YR2018],2019 [YR2019],2020 [YR2020],2021 [YR2021],2022 [YR2022],2023 [YR2023],2024 [YR2024]
Forest area (% of land area),AG.LND.FRST.ZS,World,WLD,..,32.373759569026,31.3672852185744,31.3398157847626,31.2888985608941,31.2515001256163,31.2123964792576,31.1755410752473,31.1756771274206,31.1430410787403,..,..
Forest area (% of land area),AG.LND.FRST.ZS,Afghanistan,AFG,1.85278199408184,1.85278199408184,1.85278199408184,1.85278199408184,1.85278199408184,1.85278199408184,1.85278199408184,1.85278199408184,1.85278199408184,1.85278199408184,1.85278199408184,..
Forest area (% of land area),AG.LND.FRST.ZS,Albania,ALB,28.7883211678832,28.0766423357664,28.8024635036496,28.8021897810219,28.7920620437956,28.7919708029197,28.7919708029197,28.7919708029197,28.7919708029197,28.7919708029197,28.7919708029197,..
Forest area (% of land area),AG.LND.FRST.ZS,Algeria,DZA,0.699908470278032,0.662960692602887,0.821247986241997,0.821247986241997,0.815789794104397,0.810331601966797,0.814110692183026,0.818309303282474,0.822088053271978,0.826286664371426,0.830314224054683,..
Forest area (% of land area),AG.LND.FRST.ZS,American Samoa,ASM,90.35,88.65,86.4,86.25,86.1,85.95,85.8,85.65,85.5,85.35,85.2,..
Forest area (% of land area),AG.LND.FRST.ZS,Andorra,AND,34.0425531914894,34.0425531914894,34.0425531914894,34.0425531914894,34.0425531914894,34.0425531914894,34.0425531914894,34.0425531914894,34.0425531914894,34.0425531914894,34.0425531914894,..
Forest area (% of land area),AG.LND.FRST.ZS,Angola,AGO,63.5780701050774,62.3314430095452,55.6530761209593,55.2078447100345,54.7626293414615,54.3174059517125,53.8721745407877,53.4269511510388,52.9817223871019,52.5364972326943,52.0912696719339,..
Forest area (% of land area),AG.LND.FRST.ZS,Antigua and Barbuda,ATG,22.9772727272727,21.4772727272727,19.2045454545455,19.0454545454545,18.9090909090909,18.75,18.5909090909091,18.4545454545455,18.3029545454545,18.1615909090909,18.0134090909091,..
Forest area (% of land area),AG.LND.FRST.ZS,Argentina,ARG,12.8637149256949,12.1964855354461,10.6321870580884,10.6003968297469,10.5598368832422,10.5203731515078,10.4801786099266,10.4407148781923,10.4008857415345,10.3610566048767,10.3212951412107,..
Forest area (% of land area),AG.LND.FRST.ZS,Armenia,ARM,..,11.6838777660695,11.5742887249737,11.5669125395153,11.5595363540569,11.5521601685985,11.5447839831401,11.6489422255448,11.641626848728,11.6336717932132,11.6183158247114,..
Forest area (% of land area),AG.LND.FRST.ZS,Aruba,ABW,2.33333333333333,2.33333333333333,2.33333333333333,2.33333333333333,2.33333333333333,2.33333333333333,2.33333333333333,2.33333333333333,2.33333333333333,2.33333333333333,2.33333333333333,..
Forest area (% of land area),AG.LND.FRST.ZS,Australia,AUS,17.4273589940513,17.1581557606446,17.3248245968004,17.4254877132405,17.4229136169693,17.4213145571644,17.4213145571644,17.4213145571644,17.4213145571644,17.4213145571644,17.4213145571644,..
Forest area (% of land area),AG.LND.FRST.ZS,Austria,AUT,45.7546049442559,46.5116335433834,47.0333252544838,47.0769510421716,47.1204556471159,47.1639602520601,47.1037324285022,47.137905962191,47.1720794958798,47.206131846825,47.2402653902084,..
Forest area (% of land area),AG.LND.FRST.ZS,Azerbaijan,AZE,..,11.9510925488772,13.0395340115892,13.1544115156647,13.2731460646972,13.4139303602971,13.5533670481767,13.6941896764514,13.8329909255898,13.9724815486993,14.1119540229885,..
Forest area (% of land area),AG.LND.FRST.ZS,"Bahamas, The",BHS,50.9350649350649,50.9350649350649,50.9350649350649,50.9350649350649,50.9350649350649,50.9350649350649,50.9350649350649,50.9350649350649,50.9350649350649,50.9350649350649,50.9350649350649,..
Forest area (% of land area),AG.LND.FRST.ZS,Bahrain,BHR,0.318840579710145,0.52112676056338,0.77120822622108,0.79589216944801,0.82051282051282,0.848329048843188,0.871794871794872,0.89171974522293,0.911392405063291,0.936708860759494,0.95,..
Forest area (% of land area),AG.LND.FRST.ZS,Bangladesh,BGD,14.7524775293847,14.7524629330875,14.4687716063609,14.4687716063609,14.4687716063609,14.4687716063609,14.4687716063609,14.4687716063609,14.4687716063609,14.458774758176,14.4899215263887,..
Forest area (% of land area),AG.LND.FRST.ZS,Barbados,BRB,14.6511627906977,14.6511627906977,14.6511627906977,14.6511627906977,14.6511627906977,14.6511627906977,14.6511627906977,14.6511627906977,14.6511627906977,14.6511627906977,14.6511627906977,..
Forest area (% of land area),AG.LND.FRST.ZS,Belarus,BLR,..,40.78423252879,42.5341662643242,42.9069698701401,42.9784026641969,43.0515321706572,43.1261547557461,43.1944033894965,43.2722345405272,43.3351396620523,43.4080686559958,..
Forest area (% of land area),AG.LND.FRST.ZS,Belgium,BEL,..,21.9991428477236,22.7244255431378,22.7244255431378,22.7244255431378,22.6051880759519,22.604446776415,22.604446776415,22.604446776415,22.604446776415,22.604446776415,..
Forest area (% of land area),AG.LND.FRST.ZS,Belize,BLZ,70.1459886014906,63.9763261727313,58.4318281455502,57.9430074528715,57.4537483559842,56.9649276633056,56.4756685664182,55.9864094695309,55.4971503726436,55.0078912757563,54.5186321788689,..
Forest area (% of land area),AG.LND.FRST.ZS,Benin,BEN,42.8800106420717,36.6721355090458,30.0208407236609,29.5774210713019,29.1340014189429,28.6905817665839,28.2471621142249,27.8037424618659,27.3603228095069,26.9169031571479,26.4734835047889,..
Forest area (% of land area),AG.LND.FRST.ZS,Bermuda,BMU,18.5185185185185,18.5185185185185,18.5185185185185,18.5185185185185,18.5185185185185,18.5185185185185,18.5185185185185,18.5185185185185,18.5185185185185,18.5185185185185,18.5185185185185,..
Forest area (% of land area),AG.LND.FRST.ZS,Bhutan,BTN,53.6506645549301,65.4773869346734,71.2327832725556,71.2342701342282,71.2861786912752,71.3455689564761,71.39486103828,71.4472994231778,71.4997378080755,71.5521761929733,71.60513896172,..
Forest area (% of land area),AG.LND.FRST.ZS,Bolivia,BOL,53.3598449183052,50.8643865965107,48.0266038955045,47.7713283485646,47.5327425459245,47.3121388350411,47.1095356780209,46.9249146127573,46.7283054555525,46.5396883596418,46.3457431920982,..
Forest area (% of land area),AG.LND.FRST.ZS,Bosnia and Herzegovina,BIH,..,41.2431640625,42.197265625,42.5099609375,42.7326171875,42.7326171875,42.7326171875,42.7326171875,42.7326171875,42.7326171875,42.7326171875,..
Forest area (% of land area),AG.LND.FRST.ZS,Botswana,BWA,33.1792917262188,31.0918779665802,27.9607573271223,27.7520159511584,27.5432745751945,27.3345331992307,27.1257918232668,26.9170504473029,26.7083090713391,26.4995676953752,26.2908263194114,..
Forest area (% of land area),AG.LND.FRST.ZS,Brazil,BRA,70.4580205643839,65.9343586013156,60.2867384370207,60.0710205859198,59.8329293359527,59.7083800941358,59.5585860011916,59.4174780513368,59.2704836243471,59.1275092305226,58.9818729765235,..
Forest area (% of land area),AG.LND.FRST.ZS,British Virgin Islands,VGB,24.7333333333333,24.4666666666667,24.1333333333333,24.1333333333333,24.1333333333333,24.1333333333333,24.1333333333333,24.1333333333333,24.1333333333333,24.1333333333333,24.1333333333333,..
Forest area (% of land area),AG.LND.FRST.ZS,Brunei Darussalam,BRN,78.3681214421252,75.3320683111954,72.1062618595825,72.1062618595825,72.1062618595825,72.1062618595825,72.1062618595825,72.1062618595825,72.1062618595825,72.1062618595825,72.1062618595825,..
Forest area (% of land area),AG.LND.FRST.ZS,Bulgaria,BGR,30.0732170297388,30.507095724487,35.3076639646279,35.3813559322034,35.5011053795136,35.6208548268239,35.7406042741341,35.8603537214444,35.9801031687546,36.0998526160649,36.2196020633751,..
Forest area (% of land area),AG.LND.FRST.ZS,Burkina Faso,BFA,28.2039473684211,26.3760964912281,23.6345029239766,23.4517543859649,23.2690058479532,23.0862573099415,22.9035087719298,22.7207602339181,22.5380116959064,22.3552631578947,22.172514619883,..
Forest area (% of land area),AG.LND.FRST.ZS,Burundi,BDI,10.7663551401869,7.55218068535826,10.8894080996885,10.8894080996885,10.8894080996885,10.8894080996885,10.8894080996885,10.8894080996885,10.8894080996885,10.8894080996885,10.8894080996885,..
Forest area (% of land area),AG.LND.FRST.ZS,Cabo Verde,CPV,3.81637717121588,9.8560794044665,10.9727047146402,11.0471464019851,11.12158808933,11.1960297766749,11.2704714640199,11.3449131513648,11.4193548387097,11.4937965260546,11.5682382133995,..
Forest area (% of land area),AG.LND.FRST.ZS,Cambodia,KHM,62.3430206208928,61.0752322682982,50.117946974847,49.2359506004985,48.35395422615,47.4719578518015,46.589961477453,45.7079651031045,44.825968728756,43.9439723544074,43.0619759800589,..
Forest area (% of land area),AG.LND.FRST.ZS,Cameroon,CMR,47.5978929999365,45.6886674705422,43.6218400287703,43.5033741617482,43.3849082947262,43.2664424277041,43.147976560682,43.02951069366,42.9110448266379,42.7925789596158,42.6741130925938,..
Forest area (% of land area),AG.LND.FRST.ZS,Canada,CAN,38.8455115614254,38.7929818338782,38.7164380704449,38.7120133755838,38.7078876013737,38.7037629425392,38.6996371683291,38.6955125094946,39.4701279256318,39.4659199995449,39.4617117321106,..
Forest area (% of land area),AG.LND.FRST.ZS,Cayman Islands,CYM,54.7083333333333,53.875,53,53,53,53.375,53,53,52.75,52.6666666666667,52.4720833333333,..
Forest area (% of land area),AG.LND.FRST.ZS,Central African Republic,CAF,37.2451764101576,36.7636200199043,36.0412854345244,35.9931297954991,35.9449741564737,35.8968185174484,35.8486628784231,35.8005072393977,35.7523516003724,35.7041959613471,35.6560403223217,..
Forest area (% of land area),AG.LND.FRST.ZS,Chad,TCD,5.34466327827192,5.0452668360864,3.88341804320203,3.78732528589581,3.69361499364676,3.60149301143583,3.51175349428208,3.42519059720457,3.33650992693774,3.24924110546379,3.16103105146125,..
Forest area (% of land area),AG.LND.FRST.ZS,Channel Islands,CHI,4.19191919191919,4.19191919191919,5.15151515151515,5.15151515151515,5.15151515151515,5.15151515151515,5.15151515151515,5.15151515151515,5.15151515151515,..,..,..
Forest area (% of land area),AG.LND.FRST.ZS,Chile,CHL,20.5049009323069,21.2728705691214,23.7245368895995,23.8708420449261,24.0364518962995,24.2020617476728,24.3497974857398,24.5152454733888,24.6807203850391,24.8461772576085,25.0116461113584,..
Forest area (% of land area),AG.LND.FRST.ZS,China,CHN,16.7380065507416,18.8534727562839,22.3998214356282,22.6305120997506,22.8306567492632,23.0309079153534,23.2311590814436,23.4313037309562,23.6315548970464,23.8316995465589,24.0319389958256,..
Forest area (% of land area),AG.LND.FRST.ZS,Colombia,COL,58.5472194682289,56.5439387111311,54.1997836863452,54.0419017575485,53.8438666065795,53.6642451554754,53.4846327174403,53.3050112663362,53.1253958539883,52.9457763857593,52.7661596214511,..
Forest area (% of land area),AG.LND.FRST.ZS,Comoros,COM,24.7501343363783,22.3965609887157,18.8662009672219,18.6297689414293,18.3933369156368,18.1622783449758,17.9258463191832,17.6894142933906,17.4529822675981,17.2165502418055,16.9801182160129,..
Forest area (% of land area),AG.LND.FRST.ZS,"Congo, Dem. Rep.",COD,66.4427339494056,63.4741183476324,58.0764076663505,57.5905868860413,57.1047705167508,56.6189541474604,56.1333009858627,55.6472067223925,55.1615535607949,54.6754592973247,54.1898572594341,..
Forest area (% of land area),AG.LND.FRST.ZS,"Congo, Rep.",COG,65.3440702781845,64.9926793557833,64.4655929721816,64.4304538799414,64.3953147877013,64.3513909224012,64.307467057101,64.2635431918009,64.2196193265007,64.1756954612006,64.1317715959004,..
Forest area (% of land area),AG.LND.FRST.ZS,Costa Rica,CRI,56.9408538973756,55.9580885233059,57.8345084214649,58.1551116333725,58.4757148452801,58.7961222091657,59.1167254210732,59.4373286329808,59.7579318448884,60.0785350567959,60.3991382687035,..
Forest area (% of land area),AG.LND.FRST.ZS,Cote d'Ivoire,CIV,24.6882389937107,16.0202830188679,10.6954402515723,10.3404402515723,9.98544025157233,9.63044025157233,9.27547169811321,8.92047169811321,8.5654927672956,8.21049968553459,7.85551603773585,..
Forest area (% of land area),AG.LND.FRST.ZS,Croatia,HRV,..,33.7136929460581,34.3435065399185,34.3813916088914,34.5151954828104,34.5598956472018,34.6045672217854,34.6517155110793,34.6963902787706,34.7410650464618,34.785739814153,..
Forest area (% of land area),AG.LND.FRST.ZS,Cuba,CUB,19.1620111731844,22.6722532588454,30.5859750240154,31.1514801999231,31.233140655106,31.233140655106,31.233140655106,31.233140655106,31.233140655106,31.233140655106,31.233140655106,..
Forest area (% of land area),AG.LND.FRST.ZS,Curacao,CUW,..,..,0.157657657657658,0.157657657657658,0.157657657657658,0.157657657657658,0.157657657657658,0.157657657657658,0.157657657657658,0.157657657657658,0.157657657657658,..
Forest area (% of land area),AG.LND.FRST.ZS,Cyprus,CYP,17.4361471861472,18.5725108225108,18.6915584415584,18.6807359307359,18.6785714285714,18.6764069264069,18.6742424242424,18.6720779220779,18.6699134199134,18.6677489177489,18.6655844155844,..
Forest area (% of land area),AG.LND.FRST.ZS,Czechia,CZE,..,34.1308399119969,34.5601606009584,34.579070068644,34.6025126278979,34.6259551871519,34.6514173213048,34.6779919254939,34.7066980208929,34.7369431785448,34.7623883740408,..
Forest area (% of land area),AG.LND.FRST.ZS,Denmark,DNK,13.286,14.29,15.617,15.6165,15.64,15.664,15.6875,15.711,15.7345,15.758,15.7815,..
Forest area (% of land area),AG.LND.FRST.ZS,Djibouti,DJI,0.241587575496117,0.241587575496117,0.241587575496117,0.241587575496117,0.242018981880932,0.243313201035375,0.245901639344262,0.250215703192407,0.253377911993098,0.257308024158758,0.260724762726488,..
Forest area (% of land area),AG.LND.FRST.ZS,Dominica,DMA,67.08,63.8266666666667,63.8266666666667,63.8266666666667,63.8266666666667,63.8266666666667,63.8266666666667,63.8266666666667,63.8266666666667,63.8266666666667,63.8266666666667,..
Forest area (% of land area),AG.LND.FRST.ZS,Dominican Republic,DOM,33.0136617677499,40.8294348996067,43.5448147381494,43.7122748913268,43.8797350445042,44.0471951976816,44.3173806724841,44.4852298911864,44.6530791098888,44.8209283285911,44.9887775472934,..
Forest area (% of land area),AG.LND.FRST.ZS,Ecuador,ECU,52.8543924288398,55.2846674182638,51.6153164760831,51.3565388951522,51.0977613142213,50.8389837332904,50.5802061523595,50.3214285714286,50.0626509904977,49.8038734095668,49.5450958286359,..
Forest area (% of land area),AG.LND.FRST.ZS,"Egypt, Arab Rep.",EGY,0.0440102466221307,0.0594806368978854,0.0486413179968858,0.0451855944547692,0.0451855944547692,0.0451855944547692,0.0451855944547692,0.0451855944547692,0.0451855944547692,0.0451855944547692,0.0451855944547692,..
Forest area (% of land area),AG.LND.FRST.ZS,El Salvador,SLV,34.6949806949807,32.523166023166,29.265444015444,29.0482625482625,28.8310810810811,28.6138996138996,28.3967181467181,28.1795366795367,27.9623552123552,27.7451737451737,27.5279922779923,..
Forest area (% of land area),AG.LND.FRST.ZS,Equatorial Guinea,GNQ,96.2263814616756,93.2470588235294,88.7778966131907,88.4798573975044,88.1818181818182,87.8837789661319,87.5857397504456,87.2877005347594,86.9896613190731,86.6916221033868,86.3935828877005,..
Forest area (% of land area),AG.LND.FRST.ZS,Eritrea,ERI,..,11.0738613861386,8.84524597758958,8.81997366660957,8.79432689018704,8.76775721087697,8.74145380877288,8.71821523958664,8.68225472898591,8.65617743125414,8.63010013352237,..
Forest area (% of land area),AG.LND.FRST.ZS,Estonia,EST,..,52.8164661476763,55.6938118242466,55.6993328732459,57.0385964912281,57.0385964912281,57.0385964912281,57.0385964912281,57.0385964912281,57.0652937046572,57.0652937046572,..
Forest area (% of land area),AG.LND.FRST.ZS,Eswatini,SWZ,26.8104651162791,27.5162790697674,28.5755813953488,28.646511627907,28.7168604651163,28.7872093023256,28.8575581395349,28.9279069767442,28.9982558139535,29.0686046511628,29.1389534883721,..
Forest area (% of land area),AG.LND.FRST.ZS,Ethiopia,ETH,..,18.5285,15.4478434691779,15.3828977407906,15.3182908234333,15.2534899740501,15.1886779997606,15.1239877246579,15.0601822445542,14.9955852855138,14.9308975782695,..
Forest area (% of land area),AG.LND.FRST.ZS,Faroe Islands,FRO,0.0573065902578797,0.0573065902578797,0.0573065902578797,0.0573065902578797,0.0573065902578797,0.0573065902578797,0.0573065902578797,0.0585651537335286,0.0583941605839416,0.0583941605839416,0.0583941605839416,..
Forest area (% of land area),AG.LND.FRST.ZS,Fiji,FJI,51.4334975369458,55.0886699507389,60.5703338806787,60.935960591133,61.3015873015873,61.6672140120416,62.0328407224959,62.3984674329502,62.7640941434045,63.1297208538588,63.4953475643131,..
Forest area (% of land area),AG.LND.FRST.ZS,Finland,FIN,71.818936931613,73.6913227617453,73.7356454213418,73.7356454213418,73.7332192682285,73.7332192682285,73.7307932747672,73.7283674409423,73.7264996576714,73.7264996576714,73.7235162521384,..
Forest area (% of land area),AG.LND.FRST.ZS,France,FRA,26.7854160868355,28.3662677428333,31.2385193431673,31.3932646813248,31.5480100194823,31.7027553576399,31.8575006957974,32.0122460339549,32.1669913721124,32.32173671027,32.4764820484275,..
Forest area (% of land area),AG.LND.FRST.ZS,French Polynesia,PYF,39.4617486338798,42.7974647075771,43.0596369922213,43.0596369922213,43.0596369922213,43.0596369922213,43.0596369922213,43.0596369922213,43.0596369922213,43.0596369922213,43.0596369922213,..
Forest area (% of land area),AG.LND.FRST.ZS,Gabon,GAB,92.2172546280126,91.9781115380137,91.5512089106221,91.5051034268638,91.4589979431055,91.4128924593472,91.3667869755889,91.3206814918306,91.2745760080723,91.228470524314,91.1823650405558,..
Forest area (% of land area),AG.LND.FRST.ZS,"Gambia, The",GMB,40.9743083003953,35.3092885375494,26.8122529644269,26.2450592885375,25.6788537549407,25.1126482213439,24.5454545454545,23.9792490118577,23.4123814229249,22.8459584980237,22.2792391304348,..
Forest area (% of land area),AG.LND.FRST.ZS,Georgia,GEO,..,39.7265793639373,40.6159159591308,40.6159159591308,40.6159159591308,40.6159159591308,40.6159159591308,40.6159159591308,40.6159159591308,40.6159159591308,40.6159159591308,..
Forest area (% of land area),AG.LND.FRST.ZS,Germany,DEU,32.3661673302208,32.5376128385155,32.7323281545606,32.685482024273,32.6845464693591,32.6836109680005,32.6826755201923,32.6826755201923,32.6826755201923,32.685482024273,32.6789342643734,..
Forest area (% of land area),AG.LND.FRST.ZS,Ghana,GHA,43.6154522281797,38.8881515337963,34.6332073481586,34.8169113122967,35.0006152764349,35.0323459611497,35.0651553840542,35.0973937502747,35.1286771589176,35.1604431005612,35.1921958573042,..
Forest area (% of land area),AG.LND.FRST.ZS,Gibraltar,GIB,0,0,0,0,0,0,0,0,0,0,0,..
Forest area (% of land area),AG.LND.FRST.ZS,Greece,GRC,25.59,27.93040806827,30.27,30.2699767261443,30.2699767261443,30.2699767261443,30.2699767261443,30.2699767261443,30.2699767261443,30.2699767261443,30.2699767261443,..
Forest area (% of land area),AG.LND.FRST.ZS,Greenland,GRL,0.0006438396254024,0.000535997076379583,0.000535997076379583,0.000535997076379583,0.000535997076379583,0.000535997076379583,0.000535997076379583,0.000535997076379583,0.000535997076379583,0.000535997076379583,0.000535997076379583,..
Forest area (% of land area),AG.LND.FRST.ZS,Grenada,GRD,52.0588235294118,52.0588235294118,52.0588235294118,52.0588235294118,52.0588235294118,52.0588235294118,52.0588235294118,52.0588235294118,52.0588235294118,52.0588235294118,52.0588235294118,..
Forest area (% of land area),AG.LND.FRST.ZS,Guam,GUM,44.4444444444444,44.4444444444444,46.2962962962963,51.8518518518518,51.8518518518518,51.8518518518518,51.8518518518518,51.8518518518518,51.8518518518518,51.8518518518518,51.8518518518518,..
Forest area (% of land area),AG.LND.FRST.ZS,Guatemala,GTM,44.6173945502053,39.2795819335573,33.4621127286301,33.3538633818589,33.2456140350877,33.1373646883165,33.0291153415453,32.9208659947742,32.812616648003,32.7043673012318,32.5961179544606,..
Forest area (% of land area),AG.LND.FRST.ZS,Guinea,GIN,29.6109392804819,28.1987628194693,26.0011395083835,25.8383525964512,25.675565684519,25.5127787725867,25.3499918606544,25.1872049487221,25.0244180367898,24.8616311248576,24.6988442129253,..
Forest area (% of land area),AG.LND.FRST.ZS,Guinea-Bissau,GNB,79.4214082503556,76.4182076813656,71.9135846372688,71.6134423897582,71.3133001422475,71.0131578947368,70.7130156472262,70.4128733997155,70.1127311522048,69.8125889046942,69.5124466571835,..
Forest area (% of land area),AG.LND.FRST.ZS,Guyana,GUY,94.499110998222,94.3064262128524,93.7838963677927,93.7371602743206,93.6903733807468,93.6436372872746,93.5968503937008,87.2186227147864,87.1750179975372,87.1314345931609,87.0878369802027,..
Forest area (% of land area),AG.LND.FRST.ZS,Haiti,HTI,13.8940493468795,13.8116835994194,13.1658200290276,13.0529753265602,12.9401306240929,12.8272859216255,12.7144412191582,12.6015965166909,12.4887518142235,12.3759071117562,12.2630624092888,..
Forest area (% of land area),AG.LND.FRST.ZS,Honduras,HND,62.452229868621,60.5797658414514,57.7695057645902,57.5837876485834,57.3966395567075,57.2094020913397,57.0221646259719,56.8349271606042,56.6476896952364,56.4604522298686,56.2732147645008,..
Forest area (% of land area),AG.LND.FRST.ZS,"Hong Kong SAR, China",HKG,..,..,..,..,..,..,..,..,..,..,..,..
Forest area (% of land area),AG.LND.FRST.ZS,Hungary,HUN,20.1835985312118,21.4368444543629,22.5818540433925,22.5589524435678,22.5429541968004,22.5281612973921,22.5122726276572,22.4962743808898,22.4803495507342,22.4643754109139,22.4484341442034,..
Forest area (% of land area),AG.LND.FRST.ZS,Iceland,ISL,0.170274314214464,0.297556109725686,0.480399002493766,0.485386533665835,0.492568578553616,0.496280868789051,0.502727362888029,0.5092730338193,0.515719527918278,0.522265198849549,0.528744421303184,..
Forest area (% of land area),AG.LND.FRST.ZS,India,IND,21.5048483278902,22.7334950003195,23.8222246139668,23.9116908102072,24.0014933455312,24.0909595417716,24.1807620770956,24.270228273336,24.3596944695764,24.4494970049005,24.5390304689576,..
Forest area (% of land area),AG.LND.FRST.ZS,Indonesia,IDN,65.4377142478624,53.943528667353,50.6135490506354,50.7434545269582,50.0393338229866,49.7168177792076,49.3942964092507,49.0717803654717,48.3619448681206,48.0419900717626,47.7220336902463,..
Forest area (% of land area),AG.LND.FRST.ZS,"Iran, Islamic Rep.",IRN,5.57237407598418,5.72561948967313,6.56449077826076,6.57064269751222,6.60154083204931,6.61140215716487,6.62126348228043,6.62681047765794,6.63543913713405,6.64160246533128,6.64923611710324,..
Forest area (% of land area),AG.LND.FRST.ZS,Iraq,IRQ,1.8382605116949,1.87027002309258,1.90036118379833,1.90036118379833,1.90036118379833,1.90036118379833,1.90035242899592,1.90035242899592,1.90035242899592,1.90035242899592,1.90035242899592,..
Forest area (% of land area),AG.LND.FRST.ZS,Ireland,IRL,6.70111772390768,9.15023951226593,10.9547104078966,11.0661924807664,11.1775293946872,11.2355929743069,11.2936565539265,11.3517201335462,11.4097837131659,11.4678472927856,11.5259108724053,..
Forest area (% of land area),AG.LND.FRST.ZS,Isle of Man,IMN,6.07017543859649,6.07017543859649,6.07017543859649,6.07017543859649,6.07017543859649,6.07017543859649,6.07017543859649,6.07017543859649,6.07017543859649,6.07017543859649,6.07017543859649,..
Forest area (% of land area),AG.LND.FRST.ZS,Israel,ISR,6.09981515711645,7.07024029574861,7.62476894639556,6.46950092421442,6.46950092421442,6.46950092421442,6.46950092421442,6.46950092421442,6.46950092421442,6.46950092421442,6.46950092421442,..
Forest area (% of land area),AG.LND.FRST.ZS,Italy,ITA,25.8058209513447,28.3014561169763,31.4390060801169,31.6209699781549,31.8029338761929,31.9848977742309,32.1669704480973,32.3489349614665,32.5308994748357,32.7125321249831,32.8944947923712,..
Forest area (% of land area),AG.LND.FRST.ZS,Jamaica,JAM,48.1329639889197,48.1071098799631,53.320406278855,53.6786703601108,54.0378578024007,54.3970452446907,54.7553093259464,55.1144967682364,55.4730655586334,55.8320498614958,56.190757156048,..
Forest area (% of land area),AG.LND.FRST.ZS,Japan,JPN,68.4311574328031,68.2469135802469,68.4334705075446,68.4224965706447,68.4087791495199,68.4087791495199,68.4087791495199,68.4087791495199,68.4087791495199,68.4087791495199,68.3957811364628,..
Forest area (% of land area),AG.LND.FRST.ZS,Jordan,JOR,1.10494106980961,1.10494106980961,1.09822031989187,1.09822031989187,1.09822031989187,1.09822031989187,1.09804716534901,1.09804716534901,1.09804716534901,1.09804716534901,1.09804716534901,..
Forest area (% of land area),AG.LND.FRST.ZS,Kazakhstan,KAZ,..,1.16936170685632,1.22549031373856,1.23632625847316,1.24716079564396,1.25799207319332,1.26882246175501,1.27965329481053,1.29048383153684,1.3013145534689,1.31214516427751,..
Forest area (% of land area),AG.LND.FRST.ZS,Kenya,KEN,6.77959728713498,6.95995712829884,6.16780662377195,6.19833694004437,6.22865954160824,6.25877654107482,6.23762944896123,6.21662477880402,6.21662477880402,6.21662477880402,6.21662477880402,..
Forest area (% of land area),AG.LND.FRST.ZS,Kiribati,KIR,1.45679012345679,1.45679012345679,1.45679012345679,1.45679012345679,1.45679012345679,1.45679012345679,1.45679012345679,1.45679012345679,1.45679012345679,1.45679012345679,1.45679012345679,..
Forest area (% of land area),AG.LND.FRST.ZS,"Korea, Dem. People's Rep.",PRK,57.4041192591977,53.6059297400548,50.96121584586,50.7848185366664,50.6104144174072,50.436010298148,50.2533012208288,50.0788971015696,49.9044929823104,49.7300888630512,49.5507017689561,..
Forest area (% of land area),AG.LND.FRST.ZS,"Korea, Rep.",KOR,67.9141613103877,67.1366369479577,65.0315562625071,64.8791145667716,64.783099169316,64.6739130434783,64.5184426229508,64.4159836065574,64.3135245901639,64.2110655737705,64.108606557377,..
Forest area (% of land area),AG.LND.FRST.ZS,Kosovo,XKX,..,..,..,..,..,..,..,..,..,..,..,..
Forest area (% of land area),AG.LND.FRST.ZS,Kuwait,KWT,0.193602693602694,0.272166105499439,0.350729517396184,0.350729517396184,0.350729517396184,0.350729517396184,0.350729517396184,0.350729517396184,0.350729517396184,0.350729517396184,0.350729517396184,..
Forest area (% of land area),AG.LND.FRST.ZS,Kyrgyz Republic,KGZ,..,6.15693430656934,6.52664233576642,6.54973931178311,6.57280604796663,6.66788321167883,6.76298227320125,6.85808133472367,6.95318039624609,7.04827945776851,7.14337851929093,..
Forest area (% of land area),AG.LND.FRST.ZS,Lao PDR,LAO,77.3093587521664,75.498266897747,72.6516464471404,72.5021663778163,72.3526863084922,72.2032062391681,72.053726169844,71.9042461005199,71.7547660311958,71.6052859618717,71.4558058925477,..
Forest area (% of land area),AG.LND.FRST.ZS,Latvia,LVA,..,52.0835007311939,54.5011008083308,54.5632924614717,54.6254841146126,54.6876757677536,54.7498674208945,54.8094166800579,54.8716053350474,54.933793990037,54.9959826450265,..
Forest area (% of land area),AG.LND.FRST.ZS,Lebanon,LBN,13.6559139784946,13.5073313782991,13.7174975562072,13.7761485826002,13.8347996089932,13.8934506353861,13.9521016617791,14.010752688172,14.069403714565,14.128054740958,14.1867057673509,..
Forest area (% of land area),AG.LND.FRST.ZS,Lesotho,LSO,1.13702239789196,1.13702239789196,1.13702239789196,1.13702239789196,1.13702239789196,1.13702239789196,1.13702239789196,1.13702239789196,1.13702239789196,1.13702239789196,1.13702239789196,..
Forest area (% of land area),AG.LND.FRST.ZS,Liberia,LBR,88.5095514950166,85.3679401993355,80.6555232558139,80.3413621262459,80.0272009966777,79.7130398671096,79.3988787375415,79.0847176079734,78.7705564784053,78.4563953488372,78.1422342192691,..
Forest area (% of land area),AG.LND.FRST.ZS,Libya,LBY,0.123327687918433,0.123327687918433,0.123327687918433,0.123327687918433,0.123327687918433,0.123327687918433,0.123327687918433,0.123327687918433,0.123327687918433,0.123327687918433,0.123327687918433,..
Forest area (% of land area),AG.LND.FRST.ZS,Liechtenstein,LIE,40.625,41.875,41.875,41.875,41.875,41.875,41.875,41.875,41.875,41.875,41.875,..
Forest area (% of land area),AG.LND.FRST.ZS,Lithuania,LTU,..,32.2271857051691,34.9082202713488,34.9605695859008,35.0569116074137,35.0950023950184,35.1325455126158,35.1485148514851,35.1807490816164,35.2036435371542,35.2301501597444,..
Forest area (% of land area),AG.LND.FRST.ZS,Luxembourg,LUX,..,33.6769652665025,34.4538272103664,34.4538272103664,34.4538272103664,34.4538272103664,34.4538272103664,34.4538272103664,34.4538272103664,34.4538272103664,34.4538272103664,..
Forest area (% of land area),AG.LND.FRST.ZS,"Macao SAR, China",MAC,..,..,..,..,..,..,..,..,..,..,..,..
Forest area (% of land area),AG.LND.FRST.ZS,Madagascar,MDG,23.5468755373663,22.4071774942394,21.4779821244414,21.4552767273977,21.4325541423169,21.4098315572362,21.3871261601925,21.3644035751117,21.3416925060158,21.3189737023032,21.2962600550017,..
Forest area (% of land area),AG.LND.FRST.ZS,Malawi,MWI,37.1414934238439,32.6866779804837,26.0044548154434,25.5589732711073,25.1134917267713,24.6680101824353,24.2225286380993,23.7770470937633,23.3315655494272,22.8860840050912,22.4406024607552,..
Forest area (% of land area),AG.LND.FRST.ZS,Malaysia,MYS,62.7560493075635,59.9341043981129,59.2427940952671,58.7875209252777,58.6348805356871,58.4822401460965,58.3295997565059,58.1769593669152,58.0243189773246,57.871678587734,57.7190381981434,..
Forest area (% of land area),AG.LND.FRST.ZS,Maldives,MDV,2.73333333333333,2.73333333333333,2.73333333333333,2.73333333333333,2.73333333333333,2.73333333333333,2.73333333333333,2.73333333333333,2.73333333333333,2.73333333333333,2.75167785234899,..
Forest area (% of land area),AG.LND.FRST.ZS,Mali,MLI,10.896663634352,10.896663634352,10.896663634352,10.896663634352,10.896663634352,10.896663634352,10.896663634352,10.896663634352,10.896663634352,10.896663634352,10.896663634352,..
Forest area (% of land area),AG.LND.FRST.ZS,Malta,MLT,1.09375,1.09375,1.09375,1.1875,1.3125,1.4375,1.4375,1.4375,1.4375,1.4375,1.4375,..
Forest area (% of land area),AG.LND.FRST.ZS,Marshall Islands,MHL,..,52.2222222222222,52.2222222222222,52.2222222222222,52.2222222222222,52.2222222222222,52.2222222222222,52.2222222222222,52.2222222222222,52.2222222222222,52.2222222222222,..
Forest area (% of land area),AG.LND.FRST.ZS,Mauritania,MRT,0.461860871252547,0.409081206946735,0.329911710488018,0.324633744057437,0.319394586203551,0.314058406907927,0.308819249054041,0.303483069758417,0.298211603764432,0.292896963228874,0.287611138061512,..
Forest area (% of land area),AG.LND.FRST.ZS,Mauritius,MUS,20.2315270935961,20.6551724137931,19.1787681522283,19.1737606409614,19.3540310465699,19.3740610916375,19.3940911367051,19.4141211817727,19.4341512268403,19.4541812719079,19.4742113169755,..
Forest area (% of land area),AG.LND.FRST.ZS,Mexico,MEX,36.3135111499781,35.1764963090614,34.1217160935209,34.0559942385349,33.9902672393837,33.9247408626765,33.858895547725,33.7930502327735,33.727204917822,33.6618740193935,33.5959176419147,..
Forest area (% of land area),AG.LND.FRST.ZS,"Micronesia, Fed. Sts.",FSM,..,91.2285714285714,91.8142857142857,91.8571428571429,91.9,91.9428571428572,91.9857142857143,92.0285714285714,92.0714285714286,92.1142857142857,92.1571428571429,..
Forest area (% of land area),AG.LND.FRST.ZS,Moldova,MDA,..,10.4744525547445,11.7518248175182,11.7548661800487,11.7512921860748,11.7529716925191,11.7527572607105,11.7532218728523,11.7512921860748,11.7548661800487,11.7370179167932,..
Forest area (% of land area),AG.LND.FRST.ZS,Monaco,MCO,0,0,0,0,0,0,0,0,0,0,0,..
Forest area (% of land area),AG.LND.FRST.ZS,Mongolia,MNG,9.27468054822683,9.21774776141672,9.10469149761818,9.10397870509873,9.10326591257927,9.10255545816196,9.10182513109581,9.09965848797644,9.09894465963877,9.09849695989111,9.09172405879304,..
Forest area (% of land area),AG.LND.FRST.ZS,Montenegro,MNE,..,..,61.4869888475836,61.4869888475836,61.4869888475836,61.4869888475836,61.4869888475836,61.4869888475836,61.4869888475836,61.4869888475836,61.4869888475836,..
Forest area (% of land area),AG.LND.FRST.ZS,Morocco,MAR,12.2905892897154,12.3382030024647,12.7373739637015,12.7712077078199,12.7976473224289,12.8200537754873,12.8435805511987,12.8668832623796,12.8903354246023,12.9136878781089,12.9371068787811,..
Forest area (% of land area),AG.LND.FRST.ZS,Mozambique,MOZ,55.1616266944734,52.3767135481574,48.2463948727078,47.8500089015489,47.5680968488517,47.3361072255144,47.0079478114906,46.7251964699,46.412173122409,46.1193311121849,45.8130349195046,..
Forest area (% of land area),AG.LND.FRST.ZS,Myanmar,MMR,60.0093031796065,53.3526792545215,45.9246034176517,45.5018995680015,45.0601608579088,44.6197487360196,44.1758847862724,43.7340309804342,43.2901466284646,42.846262276495,42.4023779245254,..
Forest area (% of land area),AG.LND.FRST.ZS,Namibia,NAM,10.6513743638329,9.78887633762101,8.49512322510901,8.40887172199347,8.32262021887792,8.23636871576237,8.15011721264682,8.06386570953127,7.97761420641572,7.89136270330017,7.80511120018463,..
Forest area (% of land area),AG.LND.FRST.ZS,Nauru,NRU,0,0,0,0,0,0,0,0,0,0,0,..
Forest area (% of land area),AG.LND.FRST.ZS,Nepal,NPL,39.6643356643357,40.3261946285316,41.5907220090687,41.5907220090687,41.5907220090687,41.5907220090687,41.5907220090687,41.5907220090687,41.5907220090687,41.5907220090687,41.5907220090687,..
Forest area (% of land area),AG.LND.FRST.ZS,Netherlands,NLD,10.2289691943128,10.6486966824645,10.8354618354618,10.8630828630829,10.8910008910009,10.9186219186219,10.9465399465399,10.974160974161,11.001980991981,11.0296673596674,11.0574428274428,..
Forest area (% of land area),AG.LND.FRST.ZS,New Caledonia,NCL,45.4666301969365,45.8342450765864,45.8708971553611,45.8654266958425,45.8599562363239,45.8544857768053,45.8490153172867,45.8435448577681,45.8380743982495,45.8326039387309,45.8271334792123,..
Forest area (% of land area),AG.LND.FRST.ZS,New Zealand,NZL,35.5940526375755,37.4100489916828,37.3955033990354,37.396035091717,37.411606091679,37.4279366526148,37.4673198891041,37.5701264669021,37.6306509437545,37.719363487904,37.7892841137822,..
Forest area (% of land area),AG.LND.FRST.ZS,Nicaragua,NIC,53.176998504238,44.8672095728768,32.4707495429616,31.6397706498255,30.8087917566894,29.9778128635533,29.1468339704172,28.315855077281,27.4848761841449,26.6538972910088,25.8229183978727,..
Forest area (% of land area),AG.LND.FRST.ZS,Niger,NER,1.53548590826557,1.04847240862083,0.901397331649167,0.891592326517723,0.881787321386279,0.871982316254835,0.862177311123392,0.852372305991948,0.842567300860504,0.83276229572906,0.822957290597616,..
Forest area (% of land area),AG.LND.FRST.ZS,Nigeria,NGA,29.1249052999111,27.3318620507922,24.6422807075332,24.4629795667402,24.2836830374299,24.1043842023782,23.9250853673265,23.7457865322749,23.5664876972232,23.3871888621716,23.2078900271199,..
Forest area (% of land area),AG.LND.FRST.ZS,North Macedonia,MKD,..,37.6543452615022,39.4290245836638,39.7172878667724,39.7101506740682,39.7101506740682,39.7101506740682,39.7101506740682,39.7101506740682,39.7101506740682,39.7101506740682,..
Forest area (% of land area),AG.LND.FRST.ZS,Northern Mariana Islands,MNP,..,69.4782608695652,64.1086956521739,52.9565217391304,52.9565217391304,52.9565217391304,52.9565217391304,52.9565217391304,52.9565217391304,52.9565217391304,52.9565217391304,..
Forest area (% of land area),AG.LND.FRST.ZS,Norway,NOR,33.2161513946841,33.1641313751903,33.2456439881958,33.271099733249,33.2945336229161,33.3172650284299,33.3399069828592,33.4353596771758,33.4581491750625,33.4795618634529,33.5009745518434,..
Forest area (% of land area),AG.LND.FRST.ZS,Oman,OMN,0.00969305331179321,0.00969305331179321,0.00969305331179321,0.00904684975767367,0.00872374798061389,0.00840064620355412,0.00807754442649435,0.00807754442649435,0.00786203554119548,0.00779030694668821,0.00762261712439418,..
Forest area (% of land area),AG.LND.FRST.ZS,Pakistan,PAK,6.46895755500208,5.85209111664591,5.10144250726443,5.01795350767954,4.99418845994188,4.94056143628061,4.88693441261934,4.83330738895807,4.7796803652968,4.72605334163553,4.67242631797426,..
Forest area (% of land area),AG.LND.FRST.ZS,Palau,PLW,..,86.0434782608696,89.1086956521739,89.304347826087,89.4782608695652,89.6739130434783,89.8478260869565,90.0217391304348,90.195652173913,90.3695652173913,90.5434782608696,..
Forest area (% of land area),AG.LND.FRST.ZS,Panama,PAN,61.9774011299435,59.7543718052193,57.6215596330275,57.4676200755532,57.3135456017269,57.1133728767862,56.9594230250741,56.8056079805878,56.6517026152602,56.4978579131842,56.3439727689404,..
Forest area (% of land area),AG.LND.FRST.ZS,Papua New Guinea,PNG,80.3773351587687,80.1085684317449,79.5486925319083,79.4724197323676,79.3983791900367,79.3243386477057,79.2502981053747,79.1762575630438,79.1022170207128,79.0281764783818,78.9541359360509,..
Forest area (% of land area),AG.LND.FRST.ZS,Paraguay,PRY,64.2986659954694,57.8697457840423,44.0446513969293,43.6273093380317,42.6384847722124,41.9353888749056,41.2323181474956,40.5292222501888,39.8261432167128,39.2502935554672,38.5449252640128,..
Forest area (% of land area),AG.LND.FRST.ZS,Peru,PER,59.725421875,58.8264296875,57.1832265625,57.03928125,56.902171875,56.77815625,56.643125,56.5081015625,56.373072890625,56.238047734375,56.103020234375,..
Forest area (% of land area),AG.LND.FRST.ZS,Philippines,PHL,26.0885065566623,24.5137337760338,23.5239963779052,23.6410101619881,23.758023946071,23.8750041922393,23.9920179763222,24.1090317604051,24.226045544488,24.3430593285709,24.4600731126539,..
Forest area (% of land area),AG.LND.FRST.ZS,Poland,POL,28.9986613993274,29.5765451043129,30.7652111434077,30.8142003331265,30.8533916849015,30.8946010386387,30.939858220901,30.9770358997811,31.0192747468148,31.0594923061845,31.0804192379273,..
Forest area (% of land area),AG.LND.FRST.ZS,Portugal,PRT,37.1475409836066,35.8579234972678,36.154994891142,36.154994891142,36.154994891142,36.154994891142,36.154994891142,36.154994891142,36.154994891142,36.154994891142,36.154994891142,..
Forest area (% of land area),AG.LND.FRST.ZS,Puerto Rico (US),PRI,36.1138669673055,48.3821871476888,55.6798196166855,55.7350620067644,55.7903043968433,55.8455467869222,55.9007891770011,55.95603156708,56.011273957159,56.0665163472379,56.1217587373168,..
Forest area (% of land area),AG.LND.FRST.ZS,Qatar,QAT,0,0,0,0,0,0,0,0,0,0,0,..
Forest area (% of land area),AG.LND.FRST.ZS,Romania,ROU,27.7785044691519,27.7132036045449,29.9937413073714,30.1158292767733,30.1158292767733,30.1158292767733,30.1158292767733,30.1158292767733,30.1158292767733,30.1158292767733,30.1158292767733,..
Forest area (% of land area),AG.LND.FRST.ZS,Russian Federation,RUS,..,49.4018499097143,49.7610630114301,49.7726977132993,49.7843605035639,49.7843605035639,49.7843605035639,49.7843605035639,49.7843605035639,49.7843605035639,49.7843605035639,..
Forest area (% of land area),AG.LND.FRST.ZS,Rwanda,RWA,12.8496149169031,11.6335630320227,10.9444669639238,11.0255370895825,11.0660721524118,11.1066072152412,11.1471422780705,11.1876773408999,11.2282124037292,11.2687474665586,11.3092825293879,..
Forest area (% of land area),AG.LND.FRST.ZS,Samoa,WSM,62.2367491166078,60.5335689045936,57.9752650176678,57.8056537102473,58.6726618705036,58.5,58.3273381294964,58.1546762589928,57.9820143884892,57.8093525179856,57.636690647482,..
Forest area (% of land area),AG.LND.FRST.ZS,San Marino,SMR,16.6666666666667,16.6666666666667,16.6666666666667,16.6666666666667,16.6666666666667,16.6666666666667,16.6666666666667,16.6666666666667,16.6666666666667,16.6666666666667,16.6666666666667,..
Forest area (% of land area),AG.LND.FRST.ZS,Sao Tome and Principe,STP,61.0625,60.7916666666667,57.2916666666667,56.6458333333333,56,55.3541666666667,54.7083333333333,54.0625,53.4166666666667,52.7708333333333,52.125,..
Forest area (% of land area),AG.LND.FRST.ZS,Saudi Arabia,SAU,0.454484134921779,0.454484134921779,0.454484134921779,0.454484134921779,0.454484134921779,0.454484134921779,0.454484134921779,0.454484134921779,0.454484134921779,0.454484134921779,0.454484134921779,..
Forest area (% of land area),AG.LND.FRST.ZS,Senegal,SEN,48.3205734171298,45.9832753337142,42.944787825274,42.737027995637,42.5292681660001,42.3215083363632,42.1137485067262,41.9059886770893,41.6982288474523,41.4904690178154,41.2827091881785,..
Forest area (% of land area),AG.LND.FRST.ZS,Serbia,SRB,..,..,31.0945575120055,31.1019894809056,31.1211982620627,31.1227989938258,31.1253144294535,32.3778094898323,32.3812581757641,32.3858163872042,32.3896349149721,..
Forest area (% of land area),AG.LND.FRST.ZS,Seychelles,SYC,73.2608695652174,73.2608695652174,73.2608695652174,73.2608695652174,73.2608695652174,73.2608695652174,73.2608695652174,73.2608695652174,73.2608695652174,73.2608695652174,73.2608695652174,..
Forest area (% of land area),AG.LND.FRST.ZS,Sierra Leone,SLE,43.318093654752,40.5850651149903,36.485591576614,36.2122471598781,35.9389027431422,35.6655583264062,35.3922139096703,35.1188694929343,34.8455250761984,34.5721806594625,34.2988362427265,..
Forest area (% of land area),AG.LND.FRST.ZS,Singapore,SGP,22.1297014925373,25.3932835820895,23.2318758815233,22.9696755994358,22.626404494382,22.3109243697479,21.9972067039106,21.6852367688022,21.4345403899721,21.1838440111421,20.933147632312,..
Forest area (% of land area),AG.LND.FRST.ZS,Sint Maarten (Dutch part),SXM,..,..,10.8823529411765,10.8823529411765,10.8823529411765,10.8823529411765,10.8823529411765,10.8823529411765,10.8823529411765,10.8823529411765,10.8823529411765,..
Forest area (% of land area),AG.LND.FRST.ZS,Slovak Republic,SVK,..,39.5303534303534,39.9681793602596,40.0035357737105,40.05615640599,40.05615640599,40.05615640599,40.05615640599,40.05615640599,40.05615640599,40.05615640599,..
Forest area (% of land area),AG.LND.FRST.ZS,Slovenia,SVN,..,61.2214498510427,61.9582377647374,61.8592989772614,61.7699782998396,61.674380723466,61.5730716513379,61.4722591923085,61.3711140025029,61.2701922885918,61.1748938389332,..
Forest area (% of land area),AG.LND.FRST.ZS,Solomon Islands,SLB,90.9221150410861,90.6609503394069,90.2686673812076,90.242586638085,90.2165058949625,90.1904251518399,90.1643444087174,90.1382636655948,90.1121829224723,90.0861021793498,90.0600214362272,..
Forest area (% of land area),AG.LND.FRST.ZS,"Somalia, Fed. Rep.",SOM,13.2025695794944,11.9791500621672,10.1440207861766,10.0216788344438,9.89933688271113,9.77699493097842,9.6546529792457,9.53231102751299,9.40996907578028,9.28762712404757,9.16528517231485,..
Forest area (% of land area),AG.LND.FRST.ZS,South Africa,ZAF,14.9552712494539,14.6552110725503,14.2051208071948,14.1751147895045,14.1451087718141,14.1151027541238,14.0850967364334,14.055090718743,14.0250847010527,13.9950786833623,13.965072665672,..
Forest area (% of land area),AG.LND.FRST.ZS,South Sudan,SSD,..,..,11.3256215087114,11.3256215087114,11.3256215087114,11.3256215087114,11.3256215087114,11.3256215087114,11.3256215087114,11.3256215087114,11.3256215087114,..
Forest area (% of land area),AG.LND.FRST.ZS,Spain,ESP,27.8405013615249,34.256372745491,37.1275324670126,37.142868581403,37.1522339173654,37.1566467814769,37.1677215644695,37.1773054885498,37.1727521093233,37.1827922798055,37.1925889548355,..
Forest area (% of land area),AG.LND.FRST.ZS,Sri Lanka,LKA,37.4793493860628,34.546643278584,34.3951658507424,34.3441099962839,34.2930541418254,34.2580499159447,34.2067102490331,34.1580989330747,34.1070158422244,34.0559327513741,34.0048496605238,..
Forest area (% of land area),AG.LND.FRST.ZS,St. Kitts and Nevis,KNA,42.3076923076923,42.3076923076923,42.3076923076923,42.3076923076923,42.3076923076923,42.3076923076923,42.3076923076923,42.3076923076923,42.3076923076923,42.3076923076923,42.3076923076923,..
Forest area (% of land area),AG.LND.FRST.ZS,St. Lucia,LCA,34.8688524590164,34.4426229508197,34.0491803278688,34.0491803278688,34.0491803278688,34.0491803278688,34.0491803278688,34.0491803278688,34.0491803278688,34.0491803278688,34.0491803278688,..
Forest area (% of land area),AG.LND.FRST.ZS,St. Martin (French part),MAF,..,..,24.8,24.8,24.8,24.8,24.8,24.8,24.8,24.8,24.8,..
Forest area (% of land area),AG.LND.FRST.ZS,St. Vincent and the Grenadines,VCT,70.6153846153846,73.1794871794872,73.1794871794872,73.1794871794872,73.1794871794872,73.1794871794872,73.1794871794872,73.1794871794872,73.1794871794872,73.1794871794872,73.1794871794872,..
Forest area (% of land area),AG.LND.FRST.ZS,Sudan,SDN,..,..,10.2836884368308,10.1971038543897,10.1049411134904,10.0128479657388,9.92077087794432,9.82869379014989,9.73608137044968,9.64400428265525,9.55196466809422,..
Forest area (% of land area),AG.LND.FRST.ZS,Suriname,SUR,95.8062362276779,95.5772128187567,95.0214759287737,94.9507627706873,94.9052820610811,94.8290239945632,94.7527036257035,94.6764455591856,94.6001457500987,94.5238739770656,94.44758351333,..
Forest area (% of land area),AG.LND.FRST.ZS,Sweden,SWE,68.8933585407953,69.1388538853443,68.6944981353789,68.6944981353789,68.6944981353789,68.6944981353789,68.6996660773915,68.6996660773915,68.6996660773915,68.6996660773915,68.7013529108454,..
Forest area (% of land area),AG.LND.FRST.ZS,Switzerland,CHE,29.1809082231976,30.2649701705926,31.6857178507946,31.7732664163142,31.8603337971021,31.9474011778901,32.034468558678,32.1215359394659,32.2086033202538,32.2956707010417,32.3827380818297,..
Forest area (% of land area),AG.LND.FRST.ZS,Syrian Arab Republic,SYR,2.02459462400696,2.35107193383393,2.84310842454937,2.84310842454937,2.84310842454937,2.84310842454937,2.84310842454937,2.84310842454937,2.84310842454937,2.84267276588793,2.84310842454937,..
Forest area (% of land area),AG.LND.FRST.ZS,Tajikistan,TJK,..,2.92940840240069,3.0391238561856,3.0391238561856,3.0391238561856,3.0391238561856,3.0463289862382,3.0535341162908,3.0607392463434,3.06794437639599,3.07514950644859,..
Forest area (% of land area),AG.LND.FRST.ZS,Tanzania,TZA,64.7889026868368,60.5893090991194,54.2899074283134,53.7604425378189,53.2309776473245,52.70151275683,52.1720478663355,51.642582975841,51.1131180853466,50.5836531948521,50.0541883043576,..
Forest area (% of land area),AG.LND.FRST.ZS,Thailand,THA,37.8966117951027,37.1860870246041,39.2667697547417,39.1806455401358,39.1101802736401,39.0397150071444,38.9692497406487,38.8987844741529,38.8283192076572,38.7578539411615,38.6873886746658,..
Forest area (% of land area),AG.LND.FRST.ZS,Timor-Leste,TLS,64.7679892400807,63.8264963012777,62.4142568930733,62.320107599193,62.2461331540013,62.1318090114324,62.0376597175521,61.9435104236718,61.8493611297915,61.7552118359112,61.6610625420309,..
Forest area (% of land area),AG.LND.FRST.ZS,Togo,TGO,25.0351167494025,23.3216400073543,22.5054237911381,22.4510020224306,22.3965802537231,22.3421584850156,22.2877367163081,22.2333149476007,22.1788931788932,22.1244714101857,22.0700496414782,..
Forest area (% of land area),AG.LND.FRST.ZS,Tonga,TON,12.4305555555556,12.4305555555556,12.4305555555556,12.4305555555556,12.4305555555556,12.4305555555556,12.4305555555556,12.4305555555556,12.4305555555556,12.4305555555556,12.4305555555556,..
Forest area (% of land area),AG.LND.FRST.ZS,Trinidad and Tobago,TTO,47.1851851851852,46.130604288499,44.8908382066277,44.8089668615984,44.7270955165692,44.64522417154,44.5633528265107,44.4814814814815,44.3996101364522,44.317738791423,44.2358674463938,..
Forest area (% of land area),AG.LND.FRST.ZS,Tunisia,TUN,4.14506243563337,4.29872554067971,4.47399588053553,4.48384397528321,4.4936920700309,4.50354016477858,4.51338825952626,4.52323635427395,4.53308444902163,4.54293254376931,4.55278063851699,..
Forest area (% of land area),AG.LND.FRST.ZS,Turkiye,TUR,25.7051830100178,26.1792679599288,28.104803606928,28.104803606928,28.2635292283305,28.4660940971636,28.6687888985616,28.8714836999597,29.0741785013578,29.2768733027559,29.4795681041539,..
Forest area (% of land area),AG.LND.FRST.ZS,Turkmenistan,TKM,..,8.78215904496414,8.78215904496414,8.78215904496414,8.78215904496414,8.78215904496414,8.78215904496414,8.78215904496414,8.78215904496414,8.78215904496414,8.78215904496414,..
Forest area (% of land area),AG.LND.FRST.ZS,Turks and Caicos Islands,TCA,11.0736842105263,11.0736842105263,11.0736842105263,11.0736842105263,11.0736842105263,11.0736842105263,11.0736842105263,11.0736842105263,11.0736842105263,11.0736842105263,11.0736842105263,..
Forest area (% of land area),AG.LND.FRST.ZS,Tuvalu,TUV,33.3333333333333,33.3333333333333,33.3333333333333,33.3333333333333,33.3333333333333,33.3333333333333,33.3333333333333,33.3333333333333,33.3333333333333,33.3333333333333,33.3333333333333,..
Forest area (% of land area),AG.LND.FRST.ZS,Uganda,UGA,17.8943496321505,15.8297882988839,12.687811689607,12.4820965489727,12.2763814083383,12.070666267704,11.8649012567325,11.6591861160981,11.4534375623379,11.2477114502294,11.0419703770197,..
Forest area (% of land area),AG.LND.FRST.ZS,Ukraine,UKR,..,16.4149477863122,16.6704068773844,16.6824906350878,16.6942862074918,16.7034863652054,16.7138419054194,16.7241974456334,16.7345529858474,16.7449085260614,16.7552640662755,..
Forest area (% of land area),AG.LND.FRST.ZS,United Arab Emirates,ARE,3.44973246972684,4.35694170656153,4.46775556181357,4.46775556181357,4.46775556181357,4.46775556181357,4.46775556181357,4.46775556181357,4.46775556181357,4.46775556181357,4.46775556181357,..
Forest area (% of land area),AG.LND.FRST.ZS,United Kingdom,GBR,11.4826602736329,12.2101434299177,13.0409622618113,13.0574959699087,13.0781631050304,13.1153639482495,13.1525647914686,13.1856322076634,13.2214553796553,13.2554871243748,13.2907130161617,..
Forest area (% of land area),AG.LND.FRST.ZS,United States,USA,33.0223082096657,33.1301735880689,33.8997225447175,33.8997225447175,33.8669264120375,33.8669264120375,33.8669264120375,33.8669264120375,33.8669264120375,33.8669264120375,33.8669264120375,..
Forest area (% of land area),AG.LND.FRST.ZS,Uruguay,URY,4.55947891669523,7.82196320420523,10.9701748371615,11.1244429208091,11.2444292080905,11.364415495372,11.4844017826534,11.6043880699349,11.7243743572163,11.8443606444978,11.9643469317792,..
Forest area (% of land area),AG.LND.FRST.ZS,Uzbekistan,UZB,..,6.7928870436847,8.05583295506128,8.1397486557828,8.19844389770035,8.25712061408984,8.31637366503615,8.37322137751049,8.43180461723851,8.49046413042492,8.54914331101781,..
Forest area (% of land area),AG.LND.FRST.ZS,Vanuatu,VUT,36.2838392124692,36.2838392124692,36.2838392124692,36.2838392124692,36.2838392124692,36.2838392124692,36.2838392124692,36.2838392124692,36.2838392124692,36.2838392124692,36.2838392124692,..
Forest area (% of land area),AG.LND.FRST.ZS,"Venezuela, RB",VEN,58.9830508474576,55.7235984354628,52.9255711127487,52.7671447196871,52.6366759254011,52.5341647298906,52.4596111331557,52.4130151351964,52.3477807380534,52.2949719403662,52.2338793719177,..
Forest area (% of land area),AG.LND.FRST.ZS,Viet Nam,VNM,28.8056775937817,37.8836880344628,44.8711640388917,45.8783548775157,45.9963369846492,46.2346815387217,46.4768416451573,46.7190017515929,46.9611618580284,47.203321964464,47.4454820708996,..
Forest area (% of land area),AG.LND.FRST.ZS,Virgin Islands (U.S.),VIR,70.1142857142857,58.4857142857143,54.7428571428571,55.1714285714286,55.6,56.0285714285714,56.4571428571428,56.8857142857143,57.3142857142857,57.7428571428571,58.1714285714286,..
Forest area (% of land area),AG.LND.FRST.ZS,West Bank and Gaza,PSE,1.50830564784053,1.50830564784053,1.6843853820598,1.6843853820598,1.6843853820598,1.6843853820598,1.6843853820598,1.6843853820598,1.68298755186722,1.68298755186722,1.68298755186722,..
Forest area (% of land area),AG.LND.FRST.ZS,"Yemen, Rep.",YEM,1.03983180862549,1.03983180862549,1.03983180862549,1.03983180862549,1.03983180862549,1.03983180862549,1.03983180862549,1.03983180862549,1.03983180862549,1.03983180862549,1.03983180862549,..
Forest area (% of land area),AG.LND.FRST.ZS,Zambia,ZMB,63.7780976338127,63.2965199962335,61.5492540927373,61.2959550168821,61.0428846231453,60.789706614294,60.5365151535533,60.283337144702,60.0301501230848,59.7769691548178,59.523784150984,..
Forest area (% of land area),AG.LND.FRST.ZS,Zimbabwe,ZWE,48.6666149670415,47.4757141010728,45.6893628021197,45.5702727155228,45.4511826289259,45.3320925423291,45.2130024557322,45.0939123691353,44.9748222825385,44.8557321959416,44.7366421093447,..
Forest area (% of land area),AG.LND.FRST.ZS,Africa Eastern and Southern,AFE,42.9752498758181,39.1047528492012,31.2604197322287,31.0396815593755,30.8243162615385,30.6115118196972,30.3916258622835,30.1742524356603,29.9551937873237,29.7372051021705,..,..
Forest area (% of land area),AG.LND.FRST.ZS,Africa Western and Central,AFW,22.7769081273257,21.5952835465819,20.2342307683804,20.1526101563381,20.0713271823989,19.9860995956125,19.9012301104615,19.8167839774834,19.7320365324224,19.6474877713602,..,..
Forest area (% of land area),AG.LND.FRST.ZS,Arab World,ARB,1.78607679772462,1.72240922488866,2.90093803852791,2.88332326122098,2.86394290918001,2.84442046915972,2.82662078765584,2.80889526080167,2.79112084453801,2.77355392704447,..,..
Forest area (% of land area),AG.LND.FRST.ZS,Caribbean small states,CSS,91.5268078916791,90.9667714113961,90.1484341323303,90.0676618114364,89.9970268057463,89.9140212644238,89.8309404460082,89.7479349046858,89.6648789277109,89.581856825428,..,..
Forest area (% of land area),AG.LND.FRST.ZS,Central Europe and the Baltics,CEB,27.7038335099302,32.4694719942369,34.3399778411909,34.3939142269346,34.4710840221623,34.5008820276483,34.5318870374642,34.5592847264491,34.5892800367668,34.6188570565974,..,..
Forest area (% of land area),AG.LND.FRST.ZS,Early-demographic dividend,EAR,26.3447505660516,24.3154587381178,23.1145831227005,23.0686458167009,22.979169217919,22.9114950315294,22.845451012812,22.7804502901358,22.7044536487043,22.6533885340928,..,..
Forest area (% of land area),AG.LND.FRST.ZS,East Asia & Pacific,EAS,26.268204752678,26.0484255580453,26.9760461602674,27.0866795018853,27.0860590597728,27.1167072640353,27.148011008033,27.1798473794798,27.1947367886103,27.2266471169087,..,..
Forest area (% of land area),AG.LND.FRST.ZS,East Asia & Pacific (excluding high income),EAP,29.1182836938866,28.8787217125815,30.2211269975806,30.3489231481857,30.349838038918,30.3978455200357,30.445819729641,30.493382897753,30.5126618369843,30.5605968976033,..,..
Forest area (% of land area),AG.LND.FRST.ZS,East Asia & Pacific (IDA & IBRD countries),TEA,28.9027083833819,28.6925500098254,30.0653988863597,30.1955018764199,30.1977661920145,30.2474800867242,30.2971600901202,30.3464279431611,30.3673334512939,30.4169723411631,..,..
Forest area (% of land area),AG.LND.FRST.ZS,Euro area,EMU,33.4226254644256,36.4511724014054,38.2886443231227,38.3424329853776,38.4214377029921,38.4755940115801,38.5299337534434,38.5864873497182,38.6407612725581,38.6983532052914,..,..
Forest area (% of land area),AG.LND.FRST.ZS,Europe & Central Asia,ECS,..,37.8662429161615,38.4227676321406,38.4443525858317,38.4689780914735,38.4847788293025,38.5016931649387,38.5243300531653,38.5409994875957,38.5583485988133,..,..
Forest area (% of land area),AG.LND.FRST.ZS,Europe & Central Asia (excluding high income),ECA,..,9.99387200003858,10.9434320636392,10.9750677005203,11.0131652717457,11.0573734128931,11.1018442074411,11.1524330510264,11.1967355491298,11.2412501066395,..,..
Forest area (% of land area),AG.LND.FRST.ZS,Europe & Central Asia (IDA & IBRD countries),TEC,..,38.7926408376561,39.2234378060618,39.2421666752289,39.2616544516438,39.2741558748129,39.2869462481332,39.3051266358553,39.317684732671,39.330389676677,..,..
Forest area (% of land area),AG.LND.FRST.ZS,European Union,EUU,36.0477774855482,37.985952934008,39.5948492950283,39.6441651568759,39.7050631451123,39.7488789032839,39.7936147437378,39.8387815178562,39.8828795862797,39.9291602010185,..,..
Forest area (% of land area),AG.LND.FRST.ZS,Fragile and conflict affected situations,FCS,29.9340742095121,27.5105207245986,23.6598244181023,23.5286678423598,23.4025184457716,23.2793048477082,23.153772014167,23.0314785494646,22.9070028606346,22.7884218951678,..,..
Forest area (% of land area),AG.LND.FRST.ZS,Heavily indebted poor countries (HIPC),HPC,35.2034625300231,32.477021401215,27.9742509755845,27.7966008687619,27.6241210762792,27.4527875961795,27.2787325179957,27.1077926444533,26.9347567808728,26.7630800789891,..,..
Forest area (% of land area),AG.LND.FRST.ZS,High income,HIC,28.9862684327818,35.5916053725076,36.0214181466183,36.0418285109073,36.0461036388037,36.0510796953059,36.0568458565839,36.0635867446266,36.1927275087533,36.2114810620203,..,..
Forest area (% of land area),AG.LND.FRST.ZS,IBRD only,IBD,..,34.4012444513487,33.8931160757313,33.8870518181015,33.8494193020666,33.8332636376027,33.8149555550654,33.7996464436077,33.7745996726421,33.7580959081929,..,..
Forest area (% of land area),AG.LND.FRST.ZS,IDA & IBRD total,IBT,..,33.5672025199487,32.0325296196315,31.9875153753033,31.920327209856,31.8689626408987,31.814942260139,31.7634676180329,31.7049366297868,31.6520266779305,..,..
Forest area (% of land area),AG.LND.FRST.ZS,IDA blend,IDB,36.4678726805473,32.5085715793012,31.0933993080332,31.004042560109,30.9228712873143,30.835253800064,30.7418601038835,30.6476713387614,30.5540595132963,30.460472652134,..,..
Forest area (% of land area),AG.LND.FRST.ZS,IDA only,IDX,33.5386566291765,30.5369417109873,25.7986846904448,25.629020817101,25.4631414704528,25.2982280614028,25.1297138314593,24.9632480037237,24.7953857845211,24.6265206650745,..,..
Forest area (% of land area),AG.LND.FRST.ZS,IDA total,IDA,34.1678004633941,30.9635322905239,26.8252070562707,26.6711222586625,26.521669316462,26.37174468264,26.2177888214065,26.06535652412,25.9118905530878,25.7575510589462,..,..
Forest area (% of land area),AG.LND.FRST.ZS,Late-demographic dividend,LTE,..,39.5593547515833,39.4619832288736,39.4792885027664,39.4810406677083,39.4998201303943,39.5143671806529,39.5332943455357,39.5482953595202,39.5641881279218,..,..
Forest area (% of land area),AG.LND.FRST.ZS,Latin America & Caribbean,LCN,53.2976443963737,50.6537218934046,47.1803657683013,47.0322846268752,46.8601747303639,46.7443529903726,46.6197105342579,46.5008054134841,46.3779012956611,46.2606358116724,..,..
Forest area (% of land area),AG.LND.FRST.ZS,Latin America & Caribbean (excluding high income),LAC,54.3711862618581,51.5168595566649,47.6416226767328,47.475408023373,47.281239025318,47.1488897319911,47.005137463915,46.8664262472668,46.7241576181147,46.5876139907179,..,..
Forest area (% of land area),AG.LND.FRST.ZS,Latin America & the Caribbean (IDA & IBRD countries),TLA,53.4926398069955,50.8078119972993,47.2646860022656,47.1126372603117,46.9387975563303,46.8222116253588,46.6967592952872,46.5770753722792,46.4533703526148,46.3353421973475,..,..
Forest area (% of land area),AG.LND.FRST.ZS,Least developed countries: UN classification,LDC,34.894023080562,32.3699291619253,27.1009698861512,26.908023845142,26.7187788826033,26.5315127039277,26.3406366475337,26.1518149713316,25.9616041319248,25.7722597039924,..,..
Forest area (% of land area),AG.LND.FRST.ZS,Low & middle income,LMY,..,30.0021616878273,28.171555722126,28.1127934175232,28.025024128664,27.9597613932821,27.8907650024888,27.8245384673114,27.7505291849263,27.6847851888485,..,..
Forest area (% of land area),AG.LND.FRST.ZS,Low income,LIC,27.3987252317884,25.9684419706667,21.4461955228468,21.2955916940727,21.150973059733,21.0093638966808,20.8624261560646,20.7184707947053,20.572509519201,20.425520345526,..,..
Forest area (% of land area),AG.LND.FRST.ZS,Lower middle income,LMC,34.1071563367972,31.9962497912319,30.2499872916399,30.1409037864416,30.0194415411291,29.8984889870299,29.7770469968932,29.6565089686936,29.5353555578199,29.423620639444,..,..
Forest area (% of land area),AG.LND.FRST.ZS,"Middle East, North Africa, Afghanistan & Pakistan",MEA,2.10812160160135,2.10069126026929,2.21827821025288,2.21308923020185,2.21348018334205,2.21144100839568,2.21117792872636,2.21036298582825,2.20991635593915,2.20189662489562,..,..
Forest area (% of land area),AG.LND.FRST.ZS,"Middle East, North Africa, Afghanistan & Pakistan (excluding high income)",MNA,2.51367847581963,2.49570628933004,2.64142829449219,2.63740711009391,2.63816672580734,2.63560755339638,2.63528473437885,2.63425967490602,2.63370390888489,2.63299911744047,..,..
Forest area (% of land area),AG.LND.FRST.ZS,"Middle East, North Africa, Afghanistan & Pakistan (IDA & IBRD)",TMN,2.51428003892246,2.49629709880599,2.6420011017899,2.63797751064084,2.63873793650745,2.63617723143213,2.63585421828816,2.63482854491768,2.63427375610243,2.63299911744047,..,..
Forest area (% of land area),AG.LND.FRST.ZS,Middle income,MIC,..,30.721283919717,29.6403935700911,29.6016961686149,29.5265001681778,29.4779137418642,29.4259457841481,29.3767689575908,29.3180967846207,29.2704629156861,..,..
Forest area (% of land area),AG.LND.FRST.ZS,North America,NAC,35.9027943451896,35.9308603185734,36.2838507057668,36.2816605738267,36.2630557701336,36.2610141497871,36.2589719773529,36.2569303570064,36.6124410534822,36.6103791756258,..,..
Forest area (% of land area),AG.LND.FRST.ZS,Not classified,INX,..,..,..,..,..,..,..,..,..,..,..,..
Forest area (% of land area),AG.LND.FRST.ZS,OECD members,OED,32.2755707238166,32.4054566763953,32.7403692505552,32.7560769615503,32.7499714988249,32.7521163794694,32.7552944551501,32.7597909464671,32.9271979636977,32.9471945598421,..,..
Forest area (% of land area),AG.LND.FRST.ZS,Other small states,OSS,20.8364130290976,27.0339522768962,29.8062428418201,29.8094974951102,29.9591385934345,29.9017888970529,29.9081908059858,29.9147745873315,29.9212248743262,29.9299536555377,..,..
Forest area (% of land area),AG.LND.FRST.ZS,Pacific island small states,PSS,65.4495704740693,66.6923676012461,67.9968847352025,68.0839563862928,68.2240062353858,68.3111457521434,68.3981293842557,68.4851130163679,68.5720966484801,68.6590802805924,..,..
Forest area (% of land area),AG.LND.FRST.ZS,Post-demographic dividend,PST,31.6286946072315,31.6138141493287,32.0701788473438,32.0986303000441,32.0942654553758,32.0987240437601,32.1037735956569,32.1103612885761,32.2979604407562,32.3036787412695,..,..
Forest area (% of land area),AG.LND.FRST.ZS,Pre-demographic dividend,PRE,33.1608705515286,31.5529876626814,26.7097893087988,26.5274001430678,26.3490981879529,26.1726245673407,25.9911423171908,25.8116659681375,25.6308376016006,25.4508766966686,..,..
Forest area (% of land area),AG.LND.FRST.ZS,Small states,SST,65.8510680672253,65.6919529785704,65.7254777386997,65.6893230036135,65.7539085018376,65.6673105741505,65.6323727306349,65.5975433476346,65.5626369576684,65.5295634029981,..,..
Forest area (% of land area),AG.LND.FRST.ZS,South Asia,SAS,22.7610498278802,23.9035229226874,24.9530179084678,25.0320566158766,25.1112966145979,25.1907849802839,25.2700222117653,25.3492968350856,25.4285377097768,25.5077785844679,..,..
Forest area (% of land area),AG.LND.FRST.ZS,South Asia (IDA & IBRD),TSA,22.7610498278802,23.9035229226874,24.9530179084678,25.0320566158766,25.1112966145979,25.1907849802839,25.2700222117653,25.3492968350856,25.4285377097768,25.5077785844679,..,..
Forest area (% of land area),AG.LND.FRST.ZS,Sub-Saharan Africa,SSF,33.9034420930557,31.6482351838446,27.0855859117164,26.91752301122,26.7529231075334,26.5884254981686,26.41966461613,26.252615602291,26.0844102587115,25.9169457949267,..,..
Forest area (% of land area),AG.LND.FRST.ZS,Sub-Saharan Africa (excluding high income),SSA,33.9025431616424,32.2954679307982,27.6616545993692,27.488485692975,27.3189219933869,27.1494821325251,26.9755687162685,26.8034424906447,26.6301008835206,26.4575369778776,..,..
Forest area (% of land area),AG.LND.FRST.ZS,Sub-Saharan Africa (IDA & IBRD countries),TSS,33.9034420930557,31.6482351838446,27.0855859117164,26.91752301122,26.7529231075334,26.5884254981686,26.41966461613,26.252615602291,26.0844102587115,25.9169457949267,..,..
Forest area (% of land area),AG.LND.FRST.ZS,Upper middle income,UMC,..,30.1739877530615,29.3792940965511,29.370747474937,29.3153363919536,29.2977506925327,29.275543301678,29.2569268047687,29.2250540664168,29.2048911042831,..,..
,,,,,,,,,,,,,,,
,,,,,,,,,,,,,,,
,,,,,,,,,,,,,,,
Data from database: World Development Indicators,,,,,,,,,,,,,,,
Last Updated: 01/28/2026,,,,,,,,,,,,,,,
